{"count":1,"self":13.857945599999999,"total":89.339818799999989,"children":{"InitializeActuators":{"count":1,"self":0.0019529999999999999,"total":0.0019529999999999999,"children":null},"InitializeSensors":{"count":1,"self":0.0009919,"total":0.0009919,"children":null},"AgentSendState":{"count":45801,"self":0.1548347,"total":3.3693709,"children":{"CollectObservations":{"count":9161,"self":3.0091319999999997,"total":3.0091321,"children":null},"WriteActionMask":{"count":9161,"self":0.0094592,"total":0.0094592,"children":null},"RequestDecision":{"count":9161,"self":0.062420699999999996,"total":0.19594489999999998,"children":{"AgentInfo.ToProto":{"count":9161,"self":0.0543914,"total":0.13352419999999998,"children":{"GenerateSensorData":{"count":9161,"self":0.0791328,"total":0.0791328,"children":null}}}}}}},"DecideAction":{"count":45801,"self":61.093734399999995,"total":61.0937334,"children":null},"AgentAct":{"count":45801,"self":11.0143344,"total":11.0143345,"children":null}},"gauges":{},"metadata":{"timer_format_version":"0.1.0","start_time_seconds":"1676061718","unity_version":"2022.1.23f1","command_line_arguments":"D:\\Program Files\\Unity\\2022.1.23f1\\Editor\\Unity.exe -projectpath D:\/Development\/Pacman-RL\/pacman-reinforcementLearning -useHub -hubIPC -cloudEnvironment production -hubSessionId 438ae120-a7f3-11ed-a213-ff4d7f43e765","communication_protocol_version":"1.5.0","com.unity.ml-agents_version":"2.0.1","scene_name":"Pacman","end_time_seconds":"1676061808"}}